Section,ScreenName,StoryID,RoleAr,UserStoryAr,UserStoryEn,FeatureSummaryAr,MainDbEntities,MainButtonsOrActionsAr,AcceptanceCriteriaAr
Dashboards,DashboardScreen,US-DashboardScreen-01,المدير,كـالمدير أريد استخدام شاشة DashboardScreen ضمن قسم Dashboards لتحقيق الغرض التالي: لوحة تحكم شاملة للمدير تعرض صورة حية عن أداء الجمعية (مالية وتشغيلية) عبر كروت مؤشرات رئيسية مثل إجمالي التبرعات اليوم/الشهر، المشاريع المتعثرة، أعلى الموظفين أداءً، والتنبيهات الذكية. تعتمد كليًا على بيانات حقيقية من قاعدة البيانات وتُحدَّث مع تغيير الفترات الزمنية بدون أرقام ثابتة. حتى أتمكن من أداء دوري بكفاءة والاعتماد على بيانات حقيقية من قاعدة البيانات.,"As a user (المدير), I want to use the DashboardScreen in the Dashboards module to achieve its defined purpose so that I can perform my responsibilities efficiently based on real database data.",لوحة تحكم شاملة للمدير تعرض صورة حية عن أداء الجمعية (مالية وتشغيلية) عبر كروت مؤشرات رئيسية مثل إجمالي التبرعات اليوم/الشهر، المشاريع المتعثرة، أعلى الموظفين أداءً، والتنبيهات الذكية. تعتمد كليًا ...,"تُحدد الجداول المرتبطة بهذه الشاشة في تصميم قاعدة البيانات (مثل Donations, Projects, Users, Tasks حسب طبيعة الشاشة).",جميع الأزرار والفلاتر وروابط التنقل في شاشة DashboardScreen تعمل كما هو موصوف (عرض، بحث، تصفية، حفظ، تعديل، حذف، تصدير، تغيير الفترة الزمنية).,Given أن المستخدم يملك صلاحية الوصول لهذه الشاشة ووجود بيانات فعلية، When يفتح الشاشة ويستخدم عناصرها (عرض، بحث، تصفية، حفظ، تعديل، حذف)، Then يجب جلب البيانات من قاعدة البيانات فقط بدون قيم ثابتة، وتنفيذ عمليات الحفظ والتعديل والحذف على الجداول المرتبطة بنجاح، مع إظهار رسائل نجاح/فشل واضحة، وتسجيل أي خطأ تقني في نظام إدارة الأخطاء برقم مرجعي، واحترام صلاحيات الدور، والحفاظ على حالة الفلاتر والتمرير (scroll) عند الرجوع للشاشة لتحسين تجربة الاستخدام.
Dashboards,EmployeeDashboardScreen,US-EmployeeDashboardScreen-01,الموظف,كـالموظف أريد استخدام شاشة EmployeeDashboardScreen ضمن قسم Dashboards لتحقيق الغرض التالي: لوحة تحكم مخصصة لكل موظف تعرض مهامه اليومية والأسبوعية، حالة كل مهمة، نسبة تحقيق الهدف الشهري، مجموع التبرعات المرتبطة بعمله، ونقاط التحفيز. الهدف مساعدة الموظف على تنظيم يومه ومعرفة أثر عمله مباشرة من بيانات حقيقية. حتى أتمكن من أداء دوري بكفاءة والاعتماد على بيانات حقيقية من قاعدة البيانات.,"As a user (الموظف), I want to use the EmployeeDashboardScreen in the Dashboards module to achieve its defined purpose so that I can perform my responsibilities efficiently based on real database data.",لوحة تحكم مخصصة لكل موظف تعرض مهامه اليومية والأسبوعية، حالة كل مهمة، نسبة تحقيق الهدف الشهري، مجموع التبرعات المرتبطة بعمله، ونقاط التحفيز. الهدف مساعدة الموظف على تنظيم يومه ومعرفة أثر عمله مباشر...,"تُحدد الجداول المرتبطة بهذه الشاشة في تصميم قاعدة البيانات (مثل Donations, Projects, Users, Tasks حسب طبيعة الشاشة).",جميع الأزرار والفلاتر وروابط التنقل في شاشة EmployeeDashboardScreen تعمل كما هو موصوف (عرض، بحث، تصفية، حفظ، تعديل، حذف، تصدير، تغيير الفترة الزمنية).,Given أن المستخدم يملك صلاحية الوصول لهذه الشاشة ووجود بيانات فعلية، When يفتح الشاشة ويستخدم عناصرها (عرض، بحث، تصفية، حفظ، تعديل، حذف)، Then يجب جلب البيانات من قاعدة البيانات فقط بدون قيم ثابتة، وتنفيذ عمليات الحفظ والتعديل والحذف على الجداول المرتبطة بنجاح، مع إظهار رسائل نجاح/فشل واضحة، وتسجيل أي خطأ تقني في نظام إدارة الأخطاء برقم مرجعي، واحترام صلاحيات الدور، والحفاظ على حالة الفلاتر والتمرير (scroll) عند الرجوع للشاشة لتحسين تجربة الاستخدام.
Dashboards,SecurityDashboardScreen,US-SecurityDashboardScreen-01,مسؤول الأمن / المدير,كـمسؤول الأمن / المدير أريد استخدام شاشة SecurityDashboardScreen ضمن قسم Dashboards لتحقيق الغرض التالي: لوحة لمراقبة الأمان في النظام تعرض محاولات الدخول الفاشلة، الحسابات المقفلة، تغييرات الصلاحيات، وسجل الأحداث الأمنية. تمكّن مسؤول الأمن أو المدير من اكتشاف السلوكيات المشبوهة واتخاذ إجراءات فورية. حتى أتمكن من أداء دوري بكفاءة والاعتماد على بيانات حقيقية من قاعدة البيانات.,"As a user (مسؤول الأمن / المدير), I want to use the SecurityDashboardScreen in the Dashboards module to achieve its defined purpose so that I can perform my responsibilities efficiently based on real database data.",لوحة لمراقبة الأمان في النظام تعرض محاولات الدخول الفاشلة، الحسابات المقفلة، تغييرات الصلاحيات، وسجل الأحداث الأمنية. تمكّن مسؤول الأمن أو المدير من اكتشاف السلوكيات المشبوهة واتخاذ إجراءات فورية.,"تُحدد الجداول المرتبطة بهذه الشاشة في تصميم قاعدة البيانات (مثل Donations, Projects, Users, Tasks حسب طبيعة الشاشة).",جميع الأزرار والفلاتر وروابط التنقل في شاشة SecurityDashboardScreen تعمل كما هو موصوف (عرض، بحث، تصفية، حفظ، تعديل، حذف، تصدير، تغيير الفترة الزمنية).,Given أن المستخدم يملك صلاحية الوصول لهذه الشاشة ووجود بيانات فعلية، When يفتح الشاشة ويستخدم عناصرها (عرض، بحث، تصفية، حفظ، تعديل، حذف)، Then يجب جلب البيانات من قاعدة البيانات فقط بدون قيم ثابتة، وتنفيذ عمليات الحفظ والتعديل والحذف على الجداول المرتبطة بنجاح، مع إظهار رسائل نجاح/فشل واضحة، وتسجيل أي خطأ تقني في نظام إدارة الأخطاء برقم مرجعي، واحترام صلاحيات الدور، والحفاظ على حالة الفلاتر والتمرير (scroll) عند الرجوع للشاشة لتحسين تجربة الاستخدام.
Operations,TasksScreen,US-TasksScreen-01,المشرف / الموظف,كـالمشرف / الموظف أريد استخدام شاشة TasksScreen ضمن قسم Operations لتحقيق الغرض التالي: شاشة إدارة شاملة للمهام تمكّن المشرف من إنشاء المهام وتعيينها وتعديلها وحذفها، وتمكّن الموظف من عرض المهام المسندة له مع فلاتر حسب المشروع والحالة والموظف والتاريخ. تعتمد على قراءة مباشرة من جدول المهام وتحديثه. حتى أتمكن من أداء دوري بكفاءة والاعتماد على بيانات حقيقية من قاعدة البيانات.,"As a user (المشرف / الموظف), I want to use the TasksScreen in the Operations module to achieve its defined purpose so that I can perform my responsibilities efficiently based on real database data.",شاشة إدارة شاملة للمهام تمكّن المشرف من إنشاء المهام وتعيينها وتعديلها وحذفها، وتمكّن الموظف من عرض المهام المسندة له مع فلاتر حسب المشروع والحالة والموظف والتاريخ. تعتمد على قراءة مباشرة من جدول ا...,"تُحدد الجداول المرتبطة بهذه الشاشة في تصميم قاعدة البيانات (مثل Donations, Projects, Users, Tasks حسب طبيعة الشاشة).",جميع الأزرار والفلاتر وروابط التنقل في شاشة TasksScreen تعمل كما هو موصوف (عرض، بحث، تصفية، حفظ، تعديل، حذف، تصدير، تغيير الفترة الزمنية).,Given أن المستخدم يملك صلاحية الوصول لهذه الشاشة ووجود بيانات فعلية، When يفتح الشاشة ويستخدم عناصرها (عرض، بحث، تصفية، حفظ، تعديل، حذف)، Then يجب جلب البيانات من قاعدة البيانات فقط بدون قيم ثابتة، وتنفيذ عمليات الحفظ والتعديل والحذف على الجداول المرتبطة بنجاح، مع إظهار رسائل نجاح/فشل واضحة، وتسجيل أي خطأ تقني في نظام إدارة الأخطاء برقم مرجعي، واحترام صلاحيات الدور، والحفاظ على حالة الفلاتر والتمرير (scroll) عند الرجوع للشاشة لتحسين تجربة الاستخدام.
Operations,TaskDetailScreen,US-TaskDetailScreen-01,الموظف / المشرف,كـالموظف / المشرف أريد استخدام شاشة TaskDetailScreen ضمن قسم Operations لتحقيق الغرض التالي: شاشة تفصيلية لمهمة واحدة تعرض جميع تفاصيل المهمة (الوصف، الحالة، التواريخ، الأولوية، المشروع المرتبط)، بالإضافة إلى التعليقات والمرفقات وسجل التحديثات. تتيح تغيير حالة المهمة ورفع الملفات وإضافة التعليقات مع حفظ كل شيء في قاعدة البيانات. حتى أتمكن من أداء دوري بكفاءة والاعتماد على بيانات حقيقية من قاعدة البيانات.,"As a user (الموظف / المشرف), I want to use the TaskDetailScreen in the Operations module to achieve its defined purpose so that I can perform my responsibilities efficiently based on real database data.",شاشة تفصيلية لمهمة واحدة تعرض جميع تفاصيل المهمة (الوصف، الحالة، التواريخ، الأولوية، المشروع المرتبط)، بالإضافة إلى التعليقات والمرفقات وسجل التحديثات. تتيح تغيير حالة المهمة ورفع الملفات وإضافة ال...,"تُحدد الجداول المرتبطة بهذه الشاشة في تصميم قاعدة البيانات (مثل Donations, Projects, Users, Tasks حسب طبيعة الشاشة).",جميع الأزرار والفلاتر وروابط التنقل في شاشة TaskDetailScreen تعمل كما هو موصوف (عرض، بحث، تصفية، حفظ، تعديل، حذف، تصدير، تغيير الفترة الزمنية).,Given أن المستخدم يملك صلاحية الوصول لهذه الشاشة ووجود بيانات فعلية، When يفتح الشاشة ويستخدم عناصرها (عرض، بحث، تصفية، حفظ، تعديل، حذف)، Then يجب جلب البيانات من قاعدة البيانات فقط بدون قيم ثابتة، وتنفيذ عمليات الحفظ والتعديل والحذف على الجداول المرتبطة بنجاح، مع إظهار رسائل نجاح/فشل واضحة، وتسجيل أي خطأ تقني في نظام إدارة الأخطاء برقم مرجعي، واحترام صلاحيات الدور، والحفاظ على حالة الفلاتر والتمرير (scroll) عند الرجوع للشاشة لتحسين تجربة الاستخدام.
Operations,ProjectsScreen,US-ProjectsScreen-01,المدير / المشرف / المحاسب,كـالمدير / المشرف / المحاسب أريد استخدام شاشة ProjectsScreen ضمن قسم Operations لتحقيق الغرض التالي: شاشة لإدارة المشاريع تُمكّن المدير والمشرف من إنشاء وتعديل المشاريع، تحديد الأهداف المالية والزمنية، ومتابعة نسبة الإنجاز من خلال المهام المنفذة والتبرعات المحققة. تستخدم بيانات حقيقية من جداول المشاريع والمهام والتبرعات لعرض الحالة بدقة. حتى أتمكن من أداء دوري بكفاءة والاعتماد على بيانات حقيقية من قاعدة البيانات.,"As a user (المدير / المشرف / المحاسب), I want to use the ProjectsScreen in the Operations module to achieve its defined purpose so that I can perform my responsibilities efficiently based on real database data.",شاشة لإدارة المشاريع تُمكّن المدير والمشرف من إنشاء وتعديل المشاريع، تحديد الأهداف المالية والزمنية، ومتابعة نسبة الإنجاز من خلال المهام المنفذة والتبرعات المحققة. تستخدم بيانات حقيقية من جداول الم...,"تُحدد الجداول المرتبطة بهذه الشاشة في تصميم قاعدة البيانات (مثل Donations, Projects, Users, Tasks حسب طبيعة الشاشة).",جميع الأزرار والفلاتر وروابط التنقل في شاشة ProjectsScreen تعمل كما هو موصوف (عرض، بحث، تصفية، حفظ، تعديل، حذف، تصدير، تغيير الفترة الزمنية).,Given أن المستخدم يملك صلاحية الوصول لهذه الشاشة ووجود بيانات فعلية، When يفتح الشاشة ويستخدم عناصرها (عرض، بحث، تصفية، حفظ، تعديل، حذف)، Then يجب جلب البيانات من قاعدة البيانات فقط بدون قيم ثابتة، وتنفيذ عمليات الحفظ والتعديل والحذف على الجداول المرتبطة بنجاح، مع إظهار رسائل نجاح/فشل واضحة، وتسجيل أي خطأ تقني في نظام إدارة الأخطاء برقم مرجعي، واحترام صلاحيات الدور، والحفاظ على حالة الفلاتر والتمرير (scroll) عند الرجوع للشاشة لتحسين تجربة الاستخدام.
Operations,MandatoryWorkflowScreen,US-MandatoryWorkflowScreen-01,المدير / المشرف,كـالمدير / المشرف أريد استخدام شاشة MandatoryWorkflowScreen ضمن قسم Operations لتحقيق الغرض التالي: شاشة متابعة الخطوات الإلزامية لكل مشروع في شكل Checklist، مثل تجهيز المحتوى، إعداد صفحة الهبوط، ربط التتبع، ومراجعة الموافقات. لا يمكن وضع المشروع في حالة نشطة قبل إكمال هذه الخطوات، ويتم تسجيل حالة كل خطوة في قاعدة البيانات. حتى أتمكن من أداء دوري بكفاءة والاعتماد على بيانات حقيقية من قاعدة البيانات.,"As a user (المدير / المشرف), I want to use the MandatoryWorkflowScreen in the Operations module to achieve its defined purpose so that I can perform my responsibilities efficiently based on real database data.",شاشة متابعة الخطوات الإلزامية لكل مشروع في شكل Checklist، مثل تجهيز المحتوى، إعداد صفحة الهبوط، ربط التتبع، ومراجعة الموافقات. لا يمكن وضع المشروع في حالة نشطة قبل إكمال هذه الخطوات، ويتم تسجيل حال...,"تُحدد الجداول المرتبطة بهذه الشاشة في تصميم قاعدة البيانات (مثل Donations, Projects, Users, Tasks حسب طبيعة الشاشة).",جميع الأزرار والفلاتر وروابط التنقل في شاشة MandatoryWorkflowScreen تعمل كما هو موصوف (عرض، بحث، تصفية، حفظ، تعديل، حذف، تصدير، تغيير الفترة الزمنية).,Given أن المستخدم يملك صلاحية الوصول لهذه الشاشة ووجود بيانات فعلية، When يفتح الشاشة ويستخدم عناصرها (عرض، بحث، تصفية، حفظ، تعديل، حذف)، Then يجب جلب البيانات من قاعدة البيانات فقط بدون قيم ثابتة، وتنفيذ عمليات الحفظ والتعديل والحذف على الجداول المرتبطة بنجاح، مع إظهار رسائل نجاح/فشل واضحة، وتسجيل أي خطأ تقني في نظام إدارة الأخطاء برقم مرجعي، واحترام صلاحيات الدور، والحفاظ على حالة الفلاتر والتمرير (scroll) عند الرجوع للشاشة لتحسين تجربة الاستخدام.
Operations,TeamsScreen,US-TeamsScreen-01,المدير / المشرف / HR,كـالمدير / المشرف / HR أريد استخدام شاشة TeamsScreen ضمن قسم Operations لتحقيق الغرض التالي: شاشة تعرض بنية الفرق داخل الجمعية، وأعضاء كل فريق، وعدد المهام المفتوحة والمنجزة لهم، والمؤشرات الأساسية لأداء كل فريق. تساعد الإدارة على فهم توزيع الأحمال والقدرة الفعلية لكل فريق. حتى أتمكن من أداء دوري بكفاءة والاعتماد على بيانات حقيقية من قاعدة البيانات.,"As a user (المدير / المشرف / HR), I want to use the TeamsScreen in the Operations module to achieve its defined purpose so that I can perform my responsibilities efficiently based on real database data.",شاشة تعرض بنية الفرق داخل الجمعية، وأعضاء كل فريق، وعدد المهام المفتوحة والمنجزة لهم، والمؤشرات الأساسية لأداء كل فريق. تساعد الإدارة على فهم توزيع الأحمال والقدرة الفعلية لكل فريق.,"تُحدد الجداول المرتبطة بهذه الشاشة في تصميم قاعدة البيانات (مثل Donations, Projects, Users, Tasks حسب طبيعة الشاشة).",جميع الأزرار والفلاتر وروابط التنقل في شاشة TeamsScreen تعمل كما هو موصوف (عرض، بحث، تصفية، حفظ، تعديل، حذف، تصدير، تغيير الفترة الزمنية).,Given أن المستخدم يملك صلاحية الوصول لهذه الشاشة ووجود بيانات فعلية، When يفتح الشاشة ويستخدم عناصرها (عرض، بحث، تصفية، حفظ، تعديل، حذف)، Then يجب جلب البيانات من قاعدة البيانات فقط بدون قيم ثابتة، وتنفيذ عمليات الحفظ والتعديل والحذف على الجداول المرتبطة بنجاح، مع إظهار رسائل نجاح/فشل واضحة، وتسجيل أي خطأ تقني في نظام إدارة الأخطاء برقم مرجعي، واحترام صلاحيات الدور، والحفاظ على حالة الفلاتر والتمرير (scroll) عند الرجوع للشاشة لتحسين تجربة الاستخدام.
HR,UserManagementScreen,US-UserManagementScreen-01,المدير / HR,كـالمدير / HR أريد استخدام شاشة UserManagementScreen ضمن قسم HR لتحقيق الغرض التالي: شاشة لإدارة حسابات المستخدمين بشكل كامل: إنشاء مستخدم جديد، تعديل بياناته الأساسية، تعيين دوره وفريقه، تفعيل أو تعطيل الحساب، وربط كل عملية بسجل تدقيق. جميع العمليات تنعكس مباشرة في جدول المستخدمين. حتى أتمكن من أداء دوري بكفاءة والاعتماد على بيانات حقيقية من قاعدة البيانات.,"As a user (المدير / HR), I want to use the UserManagementScreen in the HR module to achieve its defined purpose so that I can perform my responsibilities efficiently based on real database data.",شاشة لإدارة حسابات المستخدمين بشكل كامل: إنشاء مستخدم جديد، تعديل بياناته الأساسية، تعيين دوره وفريقه، تفعيل أو تعطيل الحساب، وربط كل عملية بسجل تدقيق. جميع العمليات تنعكس مباشرة في جدول المستخدمين.,"تُحدد الجداول المرتبطة بهذه الشاشة في تصميم قاعدة البيانات (مثل Donations, Projects, Users, Tasks حسب طبيعة الشاشة).",جميع الأزرار والفلاتر وروابط التنقل في شاشة UserManagementScreen تعمل كما هو موصوف (عرض، بحث، تصفية، حفظ، تعديل، حذف، تصدير، تغيير الفترة الزمنية).,Given أن المستخدم يملك صلاحية الوصول لهذه الشاشة ووجود بيانات فعلية، When يفتح الشاشة ويستخدم عناصرها (عرض، بحث، تصفية، حفظ، تعديل، حذف)، Then يجب جلب البيانات من قاعدة البيانات فقط بدون قيم ثابتة، وتنفيذ عمليات الحفظ والتعديل والحذف على الجداول المرتبطة بنجاح، مع إظهار رسائل نجاح/فشل واضحة، وتسجيل أي خطأ تقني في نظام إدارة الأخطاء برقم مرجعي، واحترام صلاحيات الدور، والحفاظ على حالة الفلاتر والتمرير (scroll) عند الرجوع للشاشة لتحسين تجربة الاستخدام.
HR,AdminPermissionsScreen,US-AdminPermissionsScreen-01,المدير / مسؤول الأمن,كـالمدير / مسؤول الأمن أريد استخدام شاشة AdminPermissionsScreen ضمن قسم HR لتحقيق الغرض التالي: واجهة لإدارة الأدوار والصلاحيات على مستوى النظام، تتيح تحديد ما يمكن لكل دور رؤيته أو تعديله، وتعديل الصلاحيات عند الحاجة، مع تسجيل التغييرات في سجلات الأمان. الهدف حماية البيانات عبر ضبط دقيق للصلاحيات. حتى أتمكن من أداء دوري بكفاءة والاعتماد على بيانات حقيقية من قاعدة البيانات.,"As a user (المدير / مسؤول الأمن), I want to use the AdminPermissionsScreen in the HR module to achieve its defined purpose so that I can perform my responsibilities efficiently based on real database data.",واجهة لإدارة الأدوار والصلاحيات على مستوى النظام، تتيح تحديد ما يمكن لكل دور رؤيته أو تعديله، وتعديل الصلاحيات عند الحاجة، مع تسجيل التغييرات في سجلات الأمان. الهدف حماية البيانات عبر ضبط دقيق للصل...,"تُحدد الجداول المرتبطة بهذه الشاشة في تصميم قاعدة البيانات (مثل Donations, Projects, Users, Tasks حسب طبيعة الشاشة).",جميع الأزرار والفلاتر وروابط التنقل في شاشة AdminPermissionsScreen تعمل كما هو موصوف (عرض، بحث، تصفية، حفظ، تعديل، حذف، تصدير، تغيير الفترة الزمنية).,Given أن المستخدم يملك صلاحية الوصول لهذه الشاشة ووجود بيانات فعلية، When يفتح الشاشة ويستخدم عناصرها (عرض، بحث، تصفية، حفظ، تعديل، حذف)، Then يجب جلب البيانات من قاعدة البيانات فقط بدون قيم ثابتة، وتنفيذ عمليات الحفظ والتعديل والحذف على الجداول المرتبطة بنجاح، مع إظهار رسائل نجاح/فشل واضحة، وتسجيل أي خطأ تقني في نظام إدارة الأخطاء برقم مرجعي، واحترام صلاحيات الدور، والحفاظ على حالة الفلاتر والتمرير (scroll) عند الرجوع للشاشة لتحسين تجربة الاستخدام.
HR,ProfileScreen,US-ProfileScreen-01,جميع المستخدمين,كـجميع المستخدمين أريد استخدام شاشة ProfileScreen ضمن قسم HR لتحقيق الغرض التالي: شاشة الملف الشخصي لكل مستخدم تتيح له مراجعة بياناته الشخصية والوظيفية وتحديث بعض الحقول المسموح بها (مثل رقم الجوال، الصورة الشخصية، كلمة المرور)، مع حفظ كل تغيير في قاعدة البيانات وسجل التدقيق. حتى أتمكن من أداء دوري بكفاءة والاعتماد على بيانات حقيقية من قاعدة البيانات.,"As a user (جميع المستخدمين), I want to use the ProfileScreen in the HR module to achieve its defined purpose so that I can perform my responsibilities efficiently based on real database data.",شاشة الملف الشخصي لكل مستخدم تتيح له مراجعة بياناته الشخصية والوظيفية وتحديث بعض الحقول المسموح بها (مثل رقم الجوال، الصورة الشخصية، كلمة المرور)، مع حفظ كل تغيير في قاعدة البيانات وسجل التدقيق.,"تُحدد الجداول المرتبطة بهذه الشاشة في تصميم قاعدة البيانات (مثل Donations, Projects, Users, Tasks حسب طبيعة الشاشة).",جميع الأزرار والفلاتر وروابط التنقل في شاشة ProfileScreen تعمل كما هو موصوف (عرض، بحث، تصفية، حفظ، تعديل، حذف، تصدير، تغيير الفترة الزمنية).,Given أن المستخدم يملك صلاحية الوصول لهذه الشاشة ووجود بيانات فعلية، When يفتح الشاشة ويستخدم عناصرها (عرض، بحث، تصفية، حفظ، تعديل، حذف)، Then يجب جلب البيانات من قاعدة البيانات فقط بدون قيم ثابتة، وتنفيذ عمليات الحفظ والتعديل والحذف على الجداول المرتبطة بنجاح، مع إظهار رسائل نجاح/فشل واضحة، وتسجيل أي خطأ تقني في نظام إدارة الأخطاء برقم مرجعي، واحترام صلاحيات الدور، والحفاظ على حالة الفلاتر والتمرير (scroll) عند الرجوع للشاشة لتحسين تجربة الاستخدام.
HR,EmployeeIdpScreen,US-EmployeeIdpScreen-01,المدير / HR / الموظف,كـالمدير / HR / الموظف أريد استخدام شاشة EmployeeIdpScreen ضمن قسم HR لتحقيق الغرض التالي: شاشة خطة التطوير الفردية لكل موظف (IDP) تعرض نقاط القوة والضعف، الأهداف القصيرة والمتوسطة (30/90 يوم)، والأنشطة التدريبية المقترحة، مع إمكانية تتبع التقدم وربط الخطة بمسارات تدريبية حقيقية. حتى أتمكن من أداء دوري بكفاءة والاعتماد على بيانات حقيقية من قاعدة البيانات.,"As a user (المدير / HR / الموظف), I want to use the EmployeeIdpScreen in the HR module to achieve its defined purpose so that I can perform my responsibilities efficiently based on real database data.",شاشة خطة التطوير الفردية لكل موظف (IDP) تعرض نقاط القوة والضعف، الأهداف القصيرة والمتوسطة (30/90 يوم)، والأنشطة التدريبية المقترحة، مع إمكانية تتبع التقدم وربط الخطة بمسارات تدريبية حقيقية.,"تُحدد الجداول المرتبطة بهذه الشاشة في تصميم قاعدة البيانات (مثل Donations, Projects, Users, Tasks حسب طبيعة الشاشة).",جميع الأزرار والفلاتر وروابط التنقل في شاشة EmployeeIdpScreen تعمل كما هو موصوف (عرض، بحث، تصفية، حفظ، تعديل، حذف، تصدير، تغيير الفترة الزمنية).,Given أن المستخدم يملك صلاحية الوصول لهذه الشاشة ووجود بيانات فعلية، When يفتح الشاشة ويستخدم عناصرها (عرض، بحث، تصفية، حفظ، تعديل، حذف)، Then يجب جلب البيانات من قاعدة البيانات فقط بدون قيم ثابتة، وتنفيذ عمليات الحفظ والتعديل والحذف على الجداول المرتبطة بنجاح، مع إظهار رسائل نجاح/فشل واضحة، وتسجيل أي خطأ تقني في نظام إدارة الأخطاء برقم مرجعي، واحترام صلاحيات الدور، والحفاظ على حالة الفلاتر والتمرير (scroll) عند الرجوع للشاشة لتحسين تجربة الاستخدام.
HR,EmployeeBehaviorScreen,US-EmployeeBehaviorScreen-01,المدير / HR / المشرف,كـالمدير / HR / المشرف أريد استخدام شاشة EmployeeBehaviorScreen ضمن قسم HR لتحقيق الغرض التالي: شاشة تحليل سلوك الموظف داخل النظام، تجمع بيانات استخدامه مثل ساعات الدخول، التنقل بين الصفحات، عدد المهام المكتملة، وتعرض مؤشرات واضحة عن نمط عمله (التزام، تشتت، نشاط) بناءً على سجلات حقيقية للقياسات الدقيقة. حتى أتمكن من أداء دوري بكفاءة والاعتماد على بيانات حقيقية من قاعدة البيانات.,"As a user (المدير / HR / المشرف), I want to use the EmployeeBehaviorScreen in the HR module to achieve its defined purpose so that I can perform my responsibilities efficiently based on real database data.",شاشة تحليل سلوك الموظف داخل النظام، تجمع بيانات استخدامه مثل ساعات الدخول، التنقل بين الصفحات، عدد المهام المكتملة، وتعرض مؤشرات واضحة عن نمط عمله (التزام، تشتت، نشاط) بناءً على سجلات حقيقية للقياس...,"تُحدد الجداول المرتبطة بهذه الشاشة في تصميم قاعدة البيانات (مثل Donations, Projects, Users, Tasks حسب طبيعة الشاشة).",جميع الأزرار والفلاتر وروابط التنقل في شاشة EmployeeBehaviorScreen تعمل كما هو موصوف (عرض، بحث، تصفية، حفظ، تعديل، حذف، تصدير، تغيير الفترة الزمنية).,Given أن المستخدم يملك صلاحية الوصول لهذه الشاشة ووجود بيانات فعلية، When يفتح الشاشة ويستخدم عناصرها (عرض، بحث، تصفية، حفظ، تعديل، حذف)، Then يجب جلب البيانات من قاعدة البيانات فقط بدون قيم ثابتة، وتنفيذ عمليات الحفظ والتعديل والحذف على الجداول المرتبطة بنجاح، مع إظهار رسائل نجاح/فشل واضحة، وتسجيل أي خطأ تقني في نظام إدارة الأخطاء برقم مرجعي، واحترام صلاحيات الدور، والحفاظ على حالة الفلاتر والتمرير (scroll) عند الرجوع للشاشة لتحسين تجربة الاستخدام.
HR,BurnoutLabScreen,US-BurnoutLabScreen-01,HR / المدير,كـHR / المدير أريد استخدام شاشة BurnoutLabScreen ضمن قسم HR لتحقيق الغرض التالي: شاشة تحليل الاحتراق الوظيفي تستخدم بيانات السلوك والمهام وساعات العمل لبناء مؤشر Burnout لكل موظف، وتعرض مستويات الخطر (منخفض، متوسط، عالٍ) مع توصيات عملية للتدخل. تعتمد على حسابات فعلية مخزنة في جداول متخصصة. حتى أتمكن من أداء دوري بكفاءة والاعتماد على بيانات حقيقية من قاعدة البيانات.,"As a user (HR / المدير), I want to use the BurnoutLabScreen in the HR module to achieve its defined purpose so that I can perform my responsibilities efficiently based on real database data.",شاشة تحليل الاحتراق الوظيفي تستخدم بيانات السلوك والمهام وساعات العمل لبناء مؤشر Burnout لكل موظف، وتعرض مستويات الخطر (منخفض، متوسط، عالٍ) مع توصيات عملية للتدخل. تعتمد على حسابات فعلية مخزنة في ج...,"تُحدد الجداول المرتبطة بهذه الشاشة في تصميم قاعدة البيانات (مثل Donations, Projects, Users, Tasks حسب طبيعة الشاشة).",جميع الأزرار والفلاتر وروابط التنقل في شاشة BurnoutLabScreen تعمل كما هو موصوف (عرض، بحث، تصفية، حفظ، تعديل، حذف، تصدير، تغيير الفترة الزمنية).,Given أن المستخدم يملك صلاحية الوصول لهذه الشاشة ووجود بيانات فعلية، When يفتح الشاشة ويستخدم عناصرها (عرض، بحث، تصفية، حفظ، تعديل، حذف)، Then يجب جلب البيانات من قاعدة البيانات فقط بدون قيم ثابتة، وتنفيذ عمليات الحفظ والتعديل والحذف على الجداول المرتبطة بنجاح، مع إظهار رسائل نجاح/فشل واضحة، وتسجيل أي خطأ تقني في نظام إدارة الأخطاء برقم مرجعي، واحترام صلاحيات الدور، والحفاظ على حالة الفلاتر والتمرير (scroll) عند الرجوع للشاشة لتحسين تجربة الاستخدام.
CRM,DonorsScreen,US-DonorsScreen-01,موظف التواصل / المدير,كـموظف التواصل / المدير أريد استخدام شاشة DonorsScreen ضمن قسم CRM لتحقيق الغرض التالي: شاشة لإدارة المتبرعين تعرض قائمة المتبرعين مع معلوماتهم الأساسية، إجمالي التبرعات لكل متبرع، تصنيفهم إلى شرائح مالية، وإمكانية البحث والتصفية حسب الاسم أو الجوال أو حجم التبرع. الهدف بناء صورة واضحة عن قاعدة المتبرعين الفعلية. حتى أتمكن من أداء دوري بكفاءة والاعتماد على بيانات حقيقية من قاعدة البيانات.,"As a user (موظف التواصل / المدير), I want to use the DonorsScreen in the CRM module to achieve its defined purpose so that I can perform my responsibilities efficiently based on real database data.",شاشة لإدارة المتبرعين تعرض قائمة المتبرعين مع معلوماتهم الأساسية، إجمالي التبرعات لكل متبرع، تصنيفهم إلى شرائح مالية، وإمكانية البحث والتصفية حسب الاسم أو الجوال أو حجم التبرع. الهدف بناء صورة واضح...,"تُحدد الجداول المرتبطة بهذه الشاشة في تصميم قاعدة البيانات (مثل Donations, Projects, Users, Tasks حسب طبيعة الشاشة).",جميع الأزرار والفلاتر وروابط التنقل في شاشة DonorsScreen تعمل كما هو موصوف (عرض، بحث، تصفية، حفظ، تعديل، حذف، تصدير، تغيير الفترة الزمنية).,Given أن المستخدم يملك صلاحية الوصول لهذه الشاشة ووجود بيانات فعلية، When يفتح الشاشة ويستخدم عناصرها (عرض، بحث، تصفية، حفظ، تعديل، حذف)، Then يجب جلب البيانات من قاعدة البيانات فقط بدون قيم ثابتة، وتنفيذ عمليات الحفظ والتعديل والحذف على الجداول المرتبطة بنجاح، مع إظهار رسائل نجاح/فشل واضحة، وتسجيل أي خطأ تقني في نظام إدارة الأخطاء برقم مرجعي، واحترام صلاحيات الدور، والحفاظ على حالة الفلاتر والتمرير (scroll) عند الرجوع للشاشة لتحسين تجربة الاستخدام.
CRM,DonorProfileScreen,US-DonorProfileScreen-01,موظف التواصل,كـموظف التواصل أريد استخدام شاشة DonorProfileScreen ضمن قسم CRM لتحقيق الغرض التالي: ملف متكامل لكل متبرع يعرض بياناته الشخصية، سجل تبرعاته بالكامل، سلوك التبرع عبر الزمن، الملاحظات المضافة من الموظفين، الاعتراضات السابقة، والتوصيات المناسبة للتواصل معه. يعتمد على قراءة مباشرة لسجلات التبرعات والملاحظات من قاعدة البيانات. حتى أتمكن من أداء دوري بكفاءة والاعتماد على بيانات حقيقية من قاعدة البيانات.,"As a user (موظف التواصل), I want to use the DonorProfileScreen in the CRM module to achieve its defined purpose so that I can perform my responsibilities efficiently based on real database data.",ملف متكامل لكل متبرع يعرض بياناته الشخصية، سجل تبرعاته بالكامل، سلوك التبرع عبر الزمن، الملاحظات المضافة من الموظفين، الاعتراضات السابقة، والتوصيات المناسبة للتواصل معه. يعتمد على قراءة مباشرة لسجل...,"تُحدد الجداول المرتبطة بهذه الشاشة في تصميم قاعدة البيانات (مثل Donations, Projects, Users, Tasks حسب طبيعة الشاشة).",جميع الأزرار والفلاتر وروابط التنقل في شاشة DonorProfileScreen تعمل كما هو موصوف (عرض، بحث، تصفية، حفظ، تعديل، حذف، تصدير، تغيير الفترة الزمنية).,Given أن المستخدم يملك صلاحية الوصول لهذه الشاشة ووجود بيانات فعلية، When يفتح الشاشة ويستخدم عناصرها (عرض، بحث، تصفية، حفظ، تعديل، حذف)، Then يجب جلب البيانات من قاعدة البيانات فقط بدون قيم ثابتة، وتنفيذ عمليات الحفظ والتعديل والحذف على الجداول المرتبطة بنجاح، مع إظهار رسائل نجاح/فشل واضحة، وتسجيل أي خطأ تقني في نظام إدارة الأخطاء برقم مرجعي، واحترام صلاحيات الدور، والحفاظ على حالة الفلاتر والتمرير (scroll) عند الرجوع للشاشة لتحسين تجربة الاستخدام.
CRM,InfluencersScreen,US-InfluencersScreen-01,فريق المؤثرين / المدير,كـفريق المؤثرين / المدير أريد استخدام شاشة InfluencersScreen ضمن قسم CRM لتحقيق الغرض التالي: شاشة لإدارة المؤثرين/المشاهير تعرض قائمة المؤثرين مع منصاتهم وعدد متابعيهم ومجال تأثيرهم، وتدعم البحث والتصفية. الهدف تمكين فريق المؤثرين من اختيار الشركاء الأنسب للحملات بناءً على بيانات حقيقية. حتى أتمكن من أداء دوري بكفاءة والاعتماد على بيانات حقيقية من قاعدة البيانات.,"As a user (فريق المؤثرين / المدير), I want to use the InfluencersScreen in the CRM module to achieve its defined purpose so that I can perform my responsibilities efficiently based on real database data.",شاشة لإدارة المؤثرين/المشاهير تعرض قائمة المؤثرين مع منصاتهم وعدد متابعيهم ومجال تأثيرهم، وتدعم البحث والتصفية. الهدف تمكين فريق المؤثرين من اختيار الشركاء الأنسب للحملات بناءً على بيانات حقيقية.,"تُحدد الجداول المرتبطة بهذه الشاشة في تصميم قاعدة البيانات (مثل Donations, Projects, Users, Tasks حسب طبيعة الشاشة).",جميع الأزرار والفلاتر وروابط التنقل في شاشة InfluencersScreen تعمل كما هو موصوف (عرض، بحث، تصفية، حفظ، تعديل، حذف، تصدير، تغيير الفترة الزمنية).,Given أن المستخدم يملك صلاحية الوصول لهذه الشاشة ووجود بيانات فعلية، When يفتح الشاشة ويستخدم عناصرها (عرض، بحث، تصفية، حفظ، تعديل، حذف)، Then يجب جلب البيانات من قاعدة البيانات فقط بدون قيم ثابتة، وتنفيذ عمليات الحفظ والتعديل والحذف على الجداول المرتبطة بنجاح، مع إظهار رسائل نجاح/فشل واضحة، وتسجيل أي خطأ تقني في نظام إدارة الأخطاء برقم مرجعي، واحترام صلاحيات الدور، والحفاظ على حالة الفلاتر والتمرير (scroll) عند الرجوع للشاشة لتحسين تجربة الاستخدام.
CRM,InfluencerProfileScreen,US-InfluencerProfileScreen-01,فريق المؤثرين / المحاسب / المدير,كـفريق المؤثرين / المحاسب / المدير أريد استخدام شاشة InfluencerProfileScreen ضمن قسم CRM لتحقيق الغرض التالي: ملف شامل للمؤثر يحتوي على بياناته، حملاته الماضية والحالية، الإيرادات الناتجة عن كل حملة، نسب التحويل، والعمولات المستحقة. يستخدم بيانات فعلية من جداول الحملات والتبرعات المرتبطة برابط المؤثر لعرض أداء واقعي وتنبؤات مستقبلية. حتى أتمكن من أداء دوري بكفاءة والاعتماد على بيانات حقيقية من قاعدة البيانات.,"As a user (فريق المؤثرين / المحاسب / المدير), I want to use the InfluencerProfileScreen in the CRM module to achieve its defined purpose so that I can perform my responsibilities efficiently based on real database data.",ملف شامل للمؤثر يحتوي على بياناته، حملاته الماضية والحالية، الإيرادات الناتجة عن كل حملة، نسب التحويل، والعمولات المستحقة. يستخدم بيانات فعلية من جداول الحملات والتبرعات المرتبطة برابط المؤثر لعرض ...,"تُحدد الجداول المرتبطة بهذه الشاشة في تصميم قاعدة البيانات (مثل Donations, Projects, Users, Tasks حسب طبيعة الشاشة).",جميع الأزرار والفلاتر وروابط التنقل في شاشة InfluencerProfileScreen تعمل كما هو موصوف (عرض، بحث، تصفية، حفظ، تعديل، حذف، تصدير، تغيير الفترة الزمنية).,Given أن المستخدم يملك صلاحية الوصول لهذه الشاشة ووجود بيانات فعلية، When يفتح الشاشة ويستخدم عناصرها (عرض، بحث، تصفية، حفظ، تعديل، حذف)، Then يجب جلب البيانات من قاعدة البيانات فقط بدون قيم ثابتة، وتنفيذ عمليات الحفظ والتعديل والحذف على الجداول المرتبطة بنجاح، مع إظهار رسائل نجاح/فشل واضحة، وتسجيل أي خطأ تقني في نظام إدارة الأخطاء برقم مرجعي، واحترام صلاحيات الدور، والحفاظ على حالة الفلاتر والتمرير (scroll) عند الرجوع للشاشة لتحسين تجربة الاستخدام.
Marketing,CampaignsScreen,US-CampaignsScreen-01,مدير التسويق / الفريق,كـمدير التسويق / الفريق أريد استخدام شاشة CampaignsScreen ضمن قسم Marketing لتحقيق الغرض التالي: شاشة إدارة الحملات التسويقية تتيح إنشاء حملة وتحديد المنصة (سناب، واتساب، إلخ)، ربطها بمشروع ومؤثر، إدخال أو استيراد مصروفات الحملة، وربط التبرعات المتولدة منها. تعرض في النهاية أداء كل حملة (مصروف، إيراد، ROAS) من بيانات حقيقية. حتى أتمكن من أداء دوري بكفاءة والاعتماد على بيانات حقيقية من قاعدة البيانات.,"As a user (مدير التسويق / الفريق), I want to use the CampaignsScreen in the Marketing module to achieve its defined purpose so that I can perform my responsibilities efficiently based on real database data.",شاشة إدارة الحملات التسويقية تتيح إنشاء حملة وتحديد المنصة (سناب، واتساب، إلخ)، ربطها بمشروع ومؤثر، إدخال أو استيراد مصروفات الحملة، وربط التبرعات المتولدة منها. تعرض في النهاية أداء كل حملة (مصروف...,"تُحدد الجداول المرتبطة بهذه الشاشة في تصميم قاعدة البيانات (مثل Donations, Projects, Users, Tasks حسب طبيعة الشاشة).",جميع الأزرار والفلاتر وروابط التنقل في شاشة CampaignsScreen تعمل كما هو موصوف (عرض، بحث، تصفية، حفظ، تعديل، حذف، تصدير، تغيير الفترة الزمنية).,Given أن المستخدم يملك صلاحية الوصول لهذه الشاشة ووجود بيانات فعلية، When يفتح الشاشة ويستخدم عناصرها (عرض، بحث، تصفية، حفظ، تعديل، حذف)، Then يجب جلب البيانات من قاعدة البيانات فقط بدون قيم ثابتة، وتنفيذ عمليات الحفظ والتعديل والحذف على الجداول المرتبطة بنجاح، مع إظهار رسائل نجاح/فشل واضحة، وتسجيل أي خطأ تقني في نظام إدارة الأخطاء برقم مرجعي، واحترام صلاحيات الدور، والحفاظ على حالة الفلاتر والتمرير (scroll) عند الرجوع للشاشة لتحسين تجربة الاستخدام.
Marketing,ChannelsPerformanceScreen,US-ChannelsPerformanceScreen-01,مدير التسويق / المدير,كـمدير التسويق / المدير أريد استخدام شاشة ChannelsPerformanceScreen ضمن قسم Marketing لتحقيق الغرض التالي: شاشة لمقارنة أداء قنوات التسويق المختلفة (سناب، واتساب، إنستغرام وغيرها) من حيث التبرعات المتولدة والتكلفة والعائد على الإنفاق الإعلاني ROAS ونسب التحويل. تساعد مدير التسويق على إعادة توزيع الميزانيات بناءً على أداء فعلي. حتى أتمكن من أداء دوري بكفاءة والاعتماد على بيانات حقيقية من قاعدة البيانات.,"As a user (مدير التسويق / المدير), I want to use the ChannelsPerformanceScreen in the Marketing module to achieve its defined purpose so that I can perform my responsibilities efficiently based on real database data.",شاشة لمقارنة أداء قنوات التسويق المختلفة (سناب، واتساب، إنستغرام وغيرها) من حيث التبرعات المتولدة والتكلفة والعائد على الإنفاق الإعلاني ROAS ونسب التحويل. تساعد مدير التسويق على إعادة توزيع الميزان...,"تُحدد الجداول المرتبطة بهذه الشاشة في تصميم قاعدة البيانات (مثل Donations, Projects, Users, Tasks حسب طبيعة الشاشة).",جميع الأزرار والفلاتر وروابط التنقل في شاشة ChannelsPerformanceScreen تعمل كما هو موصوف (عرض، بحث، تصفية، حفظ، تعديل، حذف، تصدير، تغيير الفترة الزمنية).,Given أن المستخدم يملك صلاحية الوصول لهذه الشاشة ووجود بيانات فعلية، When يفتح الشاشة ويستخدم عناصرها (عرض، بحث، تصفية، حفظ، تعديل، حذف)، Then يجب جلب البيانات من قاعدة البيانات فقط بدون قيم ثابتة، وتنفيذ عمليات الحفظ والتعديل والحذف على الجداول المرتبطة بنجاح، مع إظهار رسائل نجاح/فشل واضحة، وتسجيل أي خطأ تقني في نظام إدارة الأخطاء برقم مرجعي، واحترام صلاحيات الدور، والحفاظ على حالة الفلاتر والتمرير (scroll) عند الرجوع للشاشة لتحسين تجربة الاستخدام.
Marketing,DonorFunnelScreen,US-DonorFunnelScreen-01,مدير التسويق / المدير,كـمدير التسويق / المدير أريد استخدام شاشة DonorFunnelScreen ضمن قسم Marketing لتحقيق الغرض التالي: شاشة تحليل رحلة المتبرع (Funnel) من لحظة مشاهدة الإعلان، مرورًا بزيارة صفحة الهبوط وإضافة التبرع إلى السلة، حتى إتمام عملية التبرع. تعرض نسب التحويل والتسرب في كل مرحلة اعتمادًا على بيانات حقيقية من سجلات الزيارات والتبرعات. حتى أتمكن من أداء دوري بكفاءة والاعتماد على بيانات حقيقية من قاعدة البيانات.,"As a user (مدير التسويق / المدير), I want to use the DonorFunnelScreen in the Marketing module to achieve its defined purpose so that I can perform my responsibilities efficiently based on real database data.",شاشة تحليل رحلة المتبرع (Funnel) من لحظة مشاهدة الإعلان، مرورًا بزيارة صفحة الهبوط وإضافة التبرع إلى السلة، حتى إتمام عملية التبرع. تعرض نسب التحويل والتسرب في كل مرحلة اعتمادًا على بيانات حقيقية م...,"تُحدد الجداول المرتبطة بهذه الشاشة في تصميم قاعدة البيانات (مثل Donations, Projects, Users, Tasks حسب طبيعة الشاشة).",جميع الأزرار والفلاتر وروابط التنقل في شاشة DonorFunnelScreen تعمل كما هو موصوف (عرض، بحث، تصفية، حفظ، تعديل، حذف، تصدير، تغيير الفترة الزمنية).,Given أن المستخدم يملك صلاحية الوصول لهذه الشاشة ووجود بيانات فعلية، When يفتح الشاشة ويستخدم عناصرها (عرض، بحث، تصفية، حفظ، تعديل، حذف)، Then يجب جلب البيانات من قاعدة البيانات فقط بدون قيم ثابتة، وتنفيذ عمليات الحفظ والتعديل والحذف على الجداول المرتبطة بنجاح، مع إظهار رسائل نجاح/فشل واضحة، وتسجيل أي خطأ تقني في نظام إدارة الأخطاء برقم مرجعي، واحترام صلاحيات الدور، والحفاظ على حالة الفلاتر والتمرير (scroll) عند الرجوع للشاشة لتحسين تجربة الاستخدام.
Finance,AccountingScreen,US-AccountingScreen-01,المحاسب / المدير,كـالمحاسب / المدير أريد استخدام شاشة AccountingScreen ضمن قسم Finance لتحقيق الغرض التالي: نظام محاسبي داخل المنصة يتيح تسجيل جميع الحركات المالية (إيرادات ومصروفات)، ربطها بالمشاريع والحملات، وإخراج تقارير الربح والخسارة والتدفقات المالية. يعتمد بالكامل على جداول المعاملات المالية ويرتبط بتقارير المدير. حتى أتمكن من أداء دوري بكفاءة والاعتماد على بيانات حقيقية من قاعدة البيانات.,"As a user (المحاسب / المدير), I want to use the AccountingScreen in the Finance module to achieve its defined purpose so that I can perform my responsibilities efficiently based on real database data.",نظام محاسبي داخل المنصة يتيح تسجيل جميع الحركات المالية (إيرادات ومصروفات)، ربطها بالمشاريع والحملات، وإخراج تقارير الربح والخسارة والتدفقات المالية. يعتمد بالكامل على جداول المعاملات المالية ويرتب...,"تُحدد الجداول المرتبطة بهذه الشاشة في تصميم قاعدة البيانات (مثل Donations, Projects, Users, Tasks حسب طبيعة الشاشة).",جميع الأزرار والفلاتر وروابط التنقل في شاشة AccountingScreen تعمل كما هو موصوف (عرض، بحث، تصفية، حفظ، تعديل، حذف، تصدير، تغيير الفترة الزمنية).,Given أن المستخدم يملك صلاحية الوصول لهذه الشاشة ووجود بيانات فعلية، When يفتح الشاشة ويستخدم عناصرها (عرض، بحث، تصفية، حفظ، تعديل، حذف)، Then يجب جلب البيانات من قاعدة البيانات فقط بدون قيم ثابتة، وتنفيذ عمليات الحفظ والتعديل والحذف على الجداول المرتبطة بنجاح، مع إظهار رسائل نجاح/فشل واضحة، وتسجيل أي خطأ تقني في نظام إدارة الأخطاء برقم مرجعي، واحترام صلاحيات الدور، والحفاظ على حالة الفلاتر والتمرير (scroll) عند الرجوع للشاشة لتحسين تجربة الاستخدام.
Finance,TargetsRoiScreen,US-TargetsRoiScreen-01,المدير / مدير التسويق,كـالمدير / مدير التسويق أريد استخدام شاشة TargetsRoiScreen ضمن قسم Finance لتحقيق الغرض التالي: شاشة لإدارة الأهداف المالية ومتابعة تحقيقها، تعرض الأهداف المحددة لكل مشروع أو قناة بجانب النتائج الفعلية، وتحسب ROI والانحراف عن الهدف، وتظهر المشاريع والقنوات المتفوقة أو المتأخرة في الأداء. حتى أتمكن من أداء دوري بكفاءة والاعتماد على بيانات حقيقية من قاعدة البيانات.,"As a user (المدير / مدير التسويق), I want to use the TargetsRoiScreen in the Finance module to achieve its defined purpose so that I can perform my responsibilities efficiently based on real database data.",شاشة لإدارة الأهداف المالية ومتابعة تحقيقها، تعرض الأهداف المحددة لكل مشروع أو قناة بجانب النتائج الفعلية، وتحسب ROI والانحراف عن الهدف، وتظهر المشاريع والقنوات المتفوقة أو المتأخرة في الأداء.,"تُحدد الجداول المرتبطة بهذه الشاشة في تصميم قاعدة البيانات (مثل Donations, Projects, Users, Tasks حسب طبيعة الشاشة).",جميع الأزرار والفلاتر وروابط التنقل في شاشة TargetsRoiScreen تعمل كما هو موصوف (عرض، بحث، تصفية، حفظ، تعديل، حذف، تصدير، تغيير الفترة الزمنية).,Given أن المستخدم يملك صلاحية الوصول لهذه الشاشة ووجود بيانات فعلية، When يفتح الشاشة ويستخدم عناصرها (عرض، بحث، تصفية، حفظ، تعديل، حذف)، Then يجب جلب البيانات من قاعدة البيانات فقط بدون قيم ثابتة، وتنفيذ عمليات الحفظ والتعديل والحذف على الجداول المرتبطة بنجاح، مع إظهار رسائل نجاح/فشل واضحة، وتسجيل أي خطأ تقني في نظام إدارة الأخطاء برقم مرجعي، واحترام صلاحيات الدور، والحفاظ على حالة الفلاتر والتمرير (scroll) عند الرجوع للشاشة لتحسين تجربة الاستخدام.
Analytics & AI,AnalyticsScreen,US-AnalyticsScreen-01,المدير / مدير التسويق / المحاسب,كـالمدير / مدير التسويق / المحاسب أريد استخدام شاشة AnalyticsScreen ضمن قسم Analytics & AI لتحقيق الغرض التالي: مركز التقارير والتحليلات المتقدمة الذي يتيح للمدير وفريق التسويق استخراج تقارير مفصلة عن التبرعات والأداء حسب المشاريع والفترات والقنوات والموظفين، مع إمكانية تصدير النتائج وتحليل الاتجاهات بالتفصيل. حتى أتمكن من أداء دوري بكفاءة والاعتماد على بيانات حقيقية من قاعدة البيانات.,"As a user (المدير / مدير التسويق / المحاسب), I want to use the AnalyticsScreen in the Analytics & AI module to achieve its defined purpose so that I can perform my responsibilities efficiently based on real database data.",مركز التقارير والتحليلات المتقدمة الذي يتيح للمدير وفريق التسويق استخراج تقارير مفصلة عن التبرعات والأداء حسب المشاريع والفترات والقنوات والموظفين، مع إمكانية تصدير النتائج وتحليل الاتجاهات بالتفصيل.,"تُحدد الجداول المرتبطة بهذه الشاشة في تصميم قاعدة البيانات (مثل Donations, Projects, Users, Tasks حسب طبيعة الشاشة).",جميع الأزرار والفلاتر وروابط التنقل في شاشة AnalyticsScreen تعمل كما هو موصوف (عرض، بحث، تصفية، حفظ، تعديل، حذف، تصدير، تغيير الفترة الزمنية).,Given أن المستخدم يملك صلاحية الوصول لهذه الشاشة ووجود بيانات فعلية، When يفتح الشاشة ويستخدم عناصرها (عرض، بحث، تصفية، حفظ، تعديل، حذف)، Then يجب جلب البيانات من قاعدة البيانات فقط بدون قيم ثابتة، وتنفيذ عمليات الحفظ والتعديل والحذف على الجداول المرتبطة بنجاح، مع إظهار رسائل نجاح/فشل واضحة، وتسجيل أي خطأ تقني في نظام إدارة الأخطاء برقم مرجعي، واحترام صلاحيات الدور، والحفاظ على حالة الفلاتر والتمرير (scroll) عند الرجوع للشاشة لتحسين تجربة الاستخدام.
Analytics & AI,MicroMeasurementScreen,US-MicroMeasurementScreen-01,الفريق التقني / HR,كـالفريق التقني / HR أريد استخدام شاشة MicroMeasurementScreen ضمن قسم Analytics & AI لتحقيق الغرض التالي: شاشة خاصة بالقياسات الدقيقة لتفاعل المستخدمين مع النظام، تعرض بيانات مثل وقت الجلسة على كل شاشة، عدد النقرات، سلوك التمرير، وسرعة تنفيذ الأوامر، اعتمادًا على سجلات MicroMeasurements المخزنة في قاعدة البيانات. حتى أتمكن من أداء دوري بكفاءة والاعتماد على بيانات حقيقية من قاعدة البيانات.,"As a user (الفريق التقني / HR), I want to use the MicroMeasurementScreen in the Analytics & AI module to achieve its defined purpose so that I can perform my responsibilities efficiently based on real database data.",شاشة خاصة بالقياسات الدقيقة لتفاعل المستخدمين مع النظام، تعرض بيانات مثل وقت الجلسة على كل شاشة، عدد النقرات، سلوك التمرير، وسرعة تنفيذ الأوامر، اعتمادًا على سجلات MicroMeasurements المخزنة في قاعد...,"تُحدد الجداول المرتبطة بهذه الشاشة في تصميم قاعدة البيانات (مثل Donations, Projects, Users, Tasks حسب طبيعة الشاشة).",جميع الأزرار والفلاتر وروابط التنقل في شاشة MicroMeasurementScreen تعمل كما هو موصوف (عرض، بحث، تصفية، حفظ، تعديل، حذف، تصدير، تغيير الفترة الزمنية).,Given أن المستخدم يملك صلاحية الوصول لهذه الشاشة ووجود بيانات فعلية، When يفتح الشاشة ويستخدم عناصرها (عرض، بحث، تصفية، حفظ، تعديل، حذف)، Then يجب جلب البيانات من قاعدة البيانات فقط بدون قيم ثابتة، وتنفيذ عمليات الحفظ والتعديل والحذف على الجداول المرتبطة بنجاح، مع إظهار رسائل نجاح/فشل واضحة، وتسجيل أي خطأ تقني في نظام إدارة الأخطاء برقم مرجعي، واحترام صلاحيات الدور، والحفاظ على حالة الفلاتر والتمرير (scroll) عند الرجوع للشاشة لتحسين تجربة الاستخدام.
Analytics & AI,BehaviorAnalyticsScreen,US-BehaviorAnalyticsScreen-01,المدير / HR / المشرف,كـالمدير / HR / المشرف أريد استخدام شاشة BehaviorAnalyticsScreen ضمن قسم Analytics & AI لتحقيق الغرض التالي: شاشة لتحليل السلوك التفاعلي للمستخدمين (موظفين ومديرين)، تترجم بيانات الاستخدام إلى مؤشرات مثل التشتت، الارتباك، الضغط أو التركيز، وتعرضها في شكل رسوم ومؤشرات قابلة للمقارنة بين الفترات والأشخاص. حتى أتمكن من أداء دوري بكفاءة والاعتماد على بيانات حقيقية من قاعدة البيانات.,"As a user (المدير / HR / المشرف), I want to use the BehaviorAnalyticsScreen in the Analytics & AI module to achieve its defined purpose so that I can perform my responsibilities efficiently based on real database data.",شاشة لتحليل السلوك التفاعلي للمستخدمين (موظفين ومديرين)، تترجم بيانات الاستخدام إلى مؤشرات مثل التشتت، الارتباك، الضغط أو التركيز، وتعرضها في شكل رسوم ومؤشرات قابلة للمقارنة بين الفترات والأشخاص.,"تُحدد الجداول المرتبطة بهذه الشاشة في تصميم قاعدة البيانات (مثل Donations, Projects, Users, Tasks حسب طبيعة الشاشة).",جميع الأزرار والفلاتر وروابط التنقل في شاشة BehaviorAnalyticsScreen تعمل كما هو موصوف (عرض، بحث، تصفية، حفظ، تعديل، حذف، تصدير، تغيير الفترة الزمنية).,Given أن المستخدم يملك صلاحية الوصول لهذه الشاشة ووجود بيانات فعلية، When يفتح الشاشة ويستخدم عناصرها (عرض، بحث، تصفية، حفظ، تعديل، حذف)، Then يجب جلب البيانات من قاعدة البيانات فقط بدون قيم ثابتة، وتنفيذ عمليات الحفظ والتعديل والحذف على الجداول المرتبطة بنجاح، مع إظهار رسائل نجاح/فشل واضحة، وتسجيل أي خطأ تقني في نظام إدارة الأخطاء برقم مرجعي، واحترام صلاحيات الدور، والحفاظ على حالة الفلاتر والتمرير (scroll) عند الرجوع للشاشة لتحسين تجربة الاستخدام.
Analytics & AI,LivePerformanceScreen,US-LivePerformanceScreen-01,المدير / المشرف,كـالمدير / المشرف أريد استخدام شاشة LivePerformanceScreen ضمن قسم Analytics & AI لتحقيق الغرض التالي: شاشة أداء لحظية تعرض في الزمن الحقيقي عدد التبرعات الجديدة، المهام التي تم إنجازها مؤخرًا، حالة الحملات النشطة، ونشاط الموظفين المتصلين. مفيدة للمراقبة اليومية واتخاذ قرارات فورية. حتى أتمكن من أداء دوري بكفاءة والاعتماد على بيانات حقيقية من قاعدة البيانات.,"As a user (المدير / المشرف), I want to use the LivePerformanceScreen in the Analytics & AI module to achieve its defined purpose so that I can perform my responsibilities efficiently based on real database data.",شاشة أداء لحظية تعرض في الزمن الحقيقي عدد التبرعات الجديدة، المهام التي تم إنجازها مؤخرًا، حالة الحملات النشطة، ونشاط الموظفين المتصلين. مفيدة للمراقبة اليومية واتخاذ قرارات فورية.,"تُحدد الجداول المرتبطة بهذه الشاشة في تصميم قاعدة البيانات (مثل Donations, Projects, Users, Tasks حسب طبيعة الشاشة).",جميع الأزرار والفلاتر وروابط التنقل في شاشة LivePerformanceScreen تعمل كما هو موصوف (عرض، بحث، تصفية، حفظ، تعديل، حذف، تصدير، تغيير الفترة الزمنية).,Given أن المستخدم يملك صلاحية الوصول لهذه الشاشة ووجود بيانات فعلية، When يفتح الشاشة ويستخدم عناصرها (عرض، بحث، تصفية، حفظ، تعديل، حذف)، Then يجب جلب البيانات من قاعدة البيانات فقط بدون قيم ثابتة، وتنفيذ عمليات الحفظ والتعديل والحذف على الجداول المرتبطة بنجاح، مع إظهار رسائل نجاح/فشل واضحة، وتسجيل أي خطأ تقني في نظام إدارة الأخطاء برقم مرجعي، واحترام صلاحيات الدور، والحفاظ على حالة الفلاتر والتمرير (scroll) عند الرجوع للشاشة لتحسين تجربة الاستخدام.
Analytics & AI,AIInsightsScreen,US-AIInsightsScreen-01,المدير / الموظف / المشرف,كـالمدير / الموظف / المشرف أريد استخدام شاشة AIInsightsScreen ضمن قسم Analytics & AI لتحقيق الغرض التالي: شاشة تجمع توصيات الذكاء الاصطناعي المستخرجة من بيانات النظام، مثل اقتراح رفع ميزانية قناة معينة، إيقاف حملة ضعيفة، إعادة توزيع المهام بين الموظفين، أو التركيز على نوع محدد من المتبرعين. كل توصية مبنية على تحليلات فعلية. حتى أتمكن من أداء دوري بكفاءة والاعتماد على بيانات حقيقية من قاعدة البيانات.,"As a user (المدير / الموظف / المشرف), I want to use the AIInsightsScreen in the Analytics & AI module to achieve its defined purpose so that I can perform my responsibilities efficiently based on real database data.",شاشة تجمع توصيات الذكاء الاصطناعي المستخرجة من بيانات النظام، مثل اقتراح رفع ميزانية قناة معينة، إيقاف حملة ضعيفة، إعادة توزيع المهام بين الموظفين، أو التركيز على نوع محدد من المتبرعين. كل توصية مب...,"تُحدد الجداول المرتبطة بهذه الشاشة في تصميم قاعدة البيانات (مثل Donations, Projects, Users, Tasks حسب طبيعة الشاشة).",جميع الأزرار والفلاتر وروابط التنقل في شاشة AIInsightsScreen تعمل كما هو موصوف (عرض، بحث، تصفية، حفظ، تعديل، حذف، تصدير، تغيير الفترة الزمنية).,Given أن المستخدم يملك صلاحية الوصول لهذه الشاشة ووجود بيانات فعلية، When يفتح الشاشة ويستخدم عناصرها (عرض، بحث، تصفية، حفظ، تعديل، حذف)، Then يجب جلب البيانات من قاعدة البيانات فقط بدون قيم ثابتة، وتنفيذ عمليات الحفظ والتعديل والحذف على الجداول المرتبطة بنجاح، مع إظهار رسائل نجاح/فشل واضحة، وتسجيل أي خطأ تقني في نظام إدارة الأخطاء برقم مرجعي، واحترام صلاحيات الدور، والحفاظ على حالة الفلاتر والتمرير (scroll) عند الرجوع للشاشة لتحسين تجربة الاستخدام.
Analytics & AI,BestPracticesScreen,US-BestPracticesScreen-01,جميع الموظفين / المدير,كـجميع الموظفين / المدير أريد استخدام شاشة BestPracticesScreen ضمن قسم Analytics & AI لتحقيق الغرض التالي: مكتبة أفضل الممارسات داخل الجمعية تحتوي على نماذج نصوص ناجحة، أساليب إقناع فعّالة، حملات متميزة، ودروس مستفادة من التجارب السابقة، مع إمكانية اقتراح محتوى جديد عبر الذكاء الاصطناعي بناءً على الحالات المشابهة. حتى أتمكن من أداء دوري بكفاءة والاعتماد على بيانات حقيقية من قاعدة البيانات.,"As a user (جميع الموظفين / المدير), I want to use the BestPracticesScreen in the Analytics & AI module to achieve its defined purpose so that I can perform my responsibilities efficiently based on real database data.",مكتبة أفضل الممارسات داخل الجمعية تحتوي على نماذج نصوص ناجحة، أساليب إقناع فعّالة، حملات متميزة، ودروس مستفادة من التجارب السابقة، مع إمكانية اقتراح محتوى جديد عبر الذكاء الاصطناعي بناءً على الحالا...,"تُحدد الجداول المرتبطة بهذه الشاشة في تصميم قاعدة البيانات (مثل Donations, Projects, Users, Tasks حسب طبيعة الشاشة).",جميع الأزرار والفلاتر وروابط التنقل في شاشة BestPracticesScreen تعمل كما هو موصوف (عرض، بحث، تصفية، حفظ، تعديل، حذف، تصدير، تغيير الفترة الزمنية).,Given أن المستخدم يملك صلاحية الوصول لهذه الشاشة ووجود بيانات فعلية، When يفتح الشاشة ويستخدم عناصرها (عرض، بحث، تصفية، حفظ، تعديل، حذف)، Then يجب جلب البيانات من قاعدة البيانات فقط بدون قيم ثابتة، وتنفيذ عمليات الحفظ والتعديل والحذف على الجداول المرتبطة بنجاح، مع إظهار رسائل نجاح/فشل واضحة، وتسجيل أي خطأ تقني في نظام إدارة الأخطاء برقم مرجعي، واحترام صلاحيات الدور، والحفاظ على حالة الفلاتر والتمرير (scroll) عند الرجوع للشاشة لتحسين تجربة الاستخدام.
Analytics & AI,DecisionCenterScreen,US-DecisionCenterScreen-01,المدير / مدير التسويق / المشرف,كـالمدير / مدير التسويق / المشرف أريد استخدام شاشة DecisionCenterScreen ضمن قسم Analytics & AI لتحقيق الغرض التالي: مركز موحد لاتخاذ القرار يعتمد على مخرجات الذكاء الاصطناعي والتحليلات، يتيح تقييم المؤثرين، مراجعة أداء الحملات، اقتراح تغييرات في الميزانية، وتوزيع المهام الذكي على الموظفين بناءً على جاهزيتهم وأدائهم الحالي. حتى أتمكن من أداء دوري بكفاءة والاعتماد على بيانات حقيقية من قاعدة البيانات.,"As a user (المدير / مدير التسويق / المشرف), I want to use the DecisionCenterScreen in the Analytics & AI module to achieve its defined purpose so that I can perform my responsibilities efficiently based on real database data.",مركز موحد لاتخاذ القرار يعتمد على مخرجات الذكاء الاصطناعي والتحليلات، يتيح تقييم المؤثرين، مراجعة أداء الحملات، اقتراح تغييرات في الميزانية، وتوزيع المهام الذكي على الموظفين بناءً على جاهزيتهم وأدا...,"تُحدد الجداول المرتبطة بهذه الشاشة في تصميم قاعدة البيانات (مثل Donations, Projects, Users, Tasks حسب طبيعة الشاشة).",جميع الأزرار والفلاتر وروابط التنقل في شاشة DecisionCenterScreen تعمل كما هو موصوف (عرض، بحث، تصفية، حفظ، تعديل، حذف، تصدير، تغيير الفترة الزمنية).,Given أن المستخدم يملك صلاحية الوصول لهذه الشاشة ووجود بيانات فعلية، When يفتح الشاشة ويستخدم عناصرها (عرض، بحث، تصفية، حفظ، تعديل، حذف)، Then يجب جلب البيانات من قاعدة البيانات فقط بدون قيم ثابتة، وتنفيذ عمليات الحفظ والتعديل والحذف على الجداول المرتبطة بنجاح، مع إظهار رسائل نجاح/فشل واضحة، وتسجيل أي خطأ تقني في نظام إدارة الأخطاء برقم مرجعي، واحترام صلاحيات الدور، والحفاظ على حالة الفلاتر والتمرير (scroll) عند الرجوع للشاشة لتحسين تجربة الاستخدام.
Gamification & Training,GamificationScreen,US-GamificationScreen-01,المدير / HR,كـالمدير / HR أريد استخدام شاشة GamificationScreen ضمن قسم Gamification & Training لتحقيق الغرض التالي: شاشة لإعداد وتكوين نظام التحفيز القائم على النقاط، تسمح للمدير أو HR بتحديد الأفعال التي تمنح نقاطًا، قيم النقاط، شروط الحصول على الشارات، وإعداد التحديات الأسبوعية أو الشهرية بين الموظفين. حتى أتمكن من أداء دوري بكفاءة والاعتماد على بيانات حقيقية من قاعدة البيانات.,"As a user (المدير / HR), I want to use the GamificationScreen in the Gamification & Training module to achieve its defined purpose so that I can perform my responsibilities efficiently based on real database data.",شاشة لإعداد وتكوين نظام التحفيز القائم على النقاط، تسمح للمدير أو HR بتحديد الأفعال التي تمنح نقاطًا، قيم النقاط، شروط الحصول على الشارات، وإعداد التحديات الأسبوعية أو الشهرية بين الموظفين.,"تُحدد الجداول المرتبطة بهذه الشاشة في تصميم قاعدة البيانات (مثل Donations, Projects, Users, Tasks حسب طبيعة الشاشة).",جميع الأزرار والفلاتر وروابط التنقل في شاشة GamificationScreen تعمل كما هو موصوف (عرض، بحث، تصفية، حفظ، تعديل، حذف، تصدير، تغيير الفترة الزمنية).,Given أن المستخدم يملك صلاحية الوصول لهذه الشاشة ووجود بيانات فعلية، When يفتح الشاشة ويستخدم عناصرها (عرض، بحث، تصفية، حفظ، تعديل، حذف)، Then يجب جلب البيانات من قاعدة البيانات فقط بدون قيم ثابتة، وتنفيذ عمليات الحفظ والتعديل والحذف على الجداول المرتبطة بنجاح، مع إظهار رسائل نجاح/فشل واضحة، وتسجيل أي خطأ تقني في نظام إدارة الأخطاء برقم مرجعي، واحترام صلاحيات الدور، والحفاظ على حالة الفلاتر والتمرير (scroll) عند الرجوع للشاشة لتحسين تجربة الاستخدام.
Gamification & Training,LeaderboardScreen,US-LeaderboardScreen-01,جميع الموظفين / المدير,كـجميع الموظفين / المدير أريد استخدام شاشة LeaderboardScreen ضمن قسم Gamification & Training لتحقيق الغرض التالي: شاشة تعرض لوحة المتصدرين بين الموظفين أو الفرق بناءً على النقاط والإيرادات وعدد المهام المنجزة، مع إمكانية اختيار فترة زمنية معينة، بهدف تحفيز التنافس الإيجابي ورفع الإنتاجية. حتى أتمكن من أداء دوري بكفاءة والاعتماد على بيانات حقيقية من قاعدة البيانات.,"As a user (جميع الموظفين / المدير), I want to use the LeaderboardScreen in the Gamification & Training module to achieve its defined purpose so that I can perform my responsibilities efficiently based on real database data.",شاشة تعرض لوحة المتصدرين بين الموظفين أو الفرق بناءً على النقاط والإيرادات وعدد المهام المنجزة، مع إمكانية اختيار فترة زمنية معينة، بهدف تحفيز التنافس الإيجابي ورفع الإنتاجية.,"تُحدد الجداول المرتبطة بهذه الشاشة في تصميم قاعدة البيانات (مثل Donations, Projects, Users, Tasks حسب طبيعة الشاشة).",جميع الأزرار والفلاتر وروابط التنقل في شاشة LeaderboardScreen تعمل كما هو موصوف (عرض، بحث، تصفية، حفظ، تعديل، حذف، تصدير، تغيير الفترة الزمنية).,Given أن المستخدم يملك صلاحية الوصول لهذه الشاشة ووجود بيانات فعلية، When يفتح الشاشة ويستخدم عناصرها (عرض، بحث، تصفية، حفظ، تعديل، حذف)، Then يجب جلب البيانات من قاعدة البيانات فقط بدون قيم ثابتة، وتنفيذ عمليات الحفظ والتعديل والحذف على الجداول المرتبطة بنجاح، مع إظهار رسائل نجاح/فشل واضحة، وتسجيل أي خطأ تقني في نظام إدارة الأخطاء برقم مرجعي، واحترام صلاحيات الدور، والحفاظ على حالة الفلاتر والتمرير (scroll) عند الرجوع للشاشة لتحسين تجربة الاستخدام.
Gamification & Training,RewardsScreen,US-RewardsScreen-01,الموظف / المدير / HR,كـالموظف / المدير / HR أريد استخدام شاشة RewardsScreen ضمن قسم Gamification & Training لتحقيق الغرض التالي: شاشة لإدارة واستبدال النقاط بمكافآت حقيقية (هدايا، إجازات، مزايا)، تتيح للموظف طلب استبدال نقاطه ولمدير HR الموافقة أو الرفض، مع تسجيل كل عملية استبدال في قاعدة البيانات. حتى أتمكن من أداء دوري بكفاءة والاعتماد على بيانات حقيقية من قاعدة البيانات.,"As a user (الموظف / المدير / HR), I want to use the RewardsScreen in the Gamification & Training module to achieve its defined purpose so that I can perform my responsibilities efficiently based on real database data.",شاشة لإدارة واستبدال النقاط بمكافآت حقيقية (هدايا، إجازات، مزايا)، تتيح للموظف طلب استبدال نقاطه ولمدير HR الموافقة أو الرفض، مع تسجيل كل عملية استبدال في قاعدة البيانات.,"تُحدد الجداول المرتبطة بهذه الشاشة في تصميم قاعدة البيانات (مثل Donations, Projects, Users, Tasks حسب طبيعة الشاشة).",جميع الأزرار والفلاتر وروابط التنقل في شاشة RewardsScreen تعمل كما هو موصوف (عرض، بحث، تصفية، حفظ، تعديل، حذف، تصدير، تغيير الفترة الزمنية).,Given أن المستخدم يملك صلاحية الوصول لهذه الشاشة ووجود بيانات فعلية، When يفتح الشاشة ويستخدم عناصرها (عرض، بحث، تصفية، حفظ، تعديل، حذف)، Then يجب جلب البيانات من قاعدة البيانات فقط بدون قيم ثابتة، وتنفيذ عمليات الحفظ والتعديل والحذف على الجداول المرتبطة بنجاح، مع إظهار رسائل نجاح/فشل واضحة، وتسجيل أي خطأ تقني في نظام إدارة الأخطاء برقم مرجعي، واحترام صلاحيات الدور، والحفاظ على حالة الفلاتر والتمرير (scroll) عند الرجوع للشاشة لتحسين تجربة الاستخدام.
Gamification & Training,TrainingScreen,US-TrainingScreen-01,HR / المدير / الموظف,كـHR / المدير / الموظف أريد استخدام شاشة TrainingScreen ضمن قسم Gamification & Training لتحقيق الغرض التالي: شاشة إدارة المسارات التدريبية التي يستخدمها HR لتحديد البرامج التدريبية المطلوبة لكل وظيفة أو موظف، وربطها بالأهداف التطويرية ومتابعة التقدم في كل مسار بشكل دوري. حتى أتمكن من أداء دوري بكفاءة والاعتماد على بيانات حقيقية من قاعدة البيانات.,"As a user (HR / المدير / الموظف), I want to use the TrainingScreen in the Gamification & Training module to achieve its defined purpose so that I can perform my responsibilities efficiently based on real database data.",شاشة إدارة المسارات التدريبية التي يستخدمها HR لتحديد البرامج التدريبية المطلوبة لكل وظيفة أو موظف، وربطها بالأهداف التطويرية ومتابعة التقدم في كل مسار بشكل دوري.,"تُحدد الجداول المرتبطة بهذه الشاشة في تصميم قاعدة البيانات (مثل Donations, Projects, Users, Tasks حسب طبيعة الشاشة).",جميع الأزرار والفلاتر وروابط التنقل في شاشة TrainingScreen تعمل كما هو موصوف (عرض، بحث، تصفية، حفظ، تعديل، حذف، تصدير، تغيير الفترة الزمنية).,Given أن المستخدم يملك صلاحية الوصول لهذه الشاشة ووجود بيانات فعلية، When يفتح الشاشة ويستخدم عناصرها (عرض، بحث، تصفية، حفظ، تعديل، حذف)، Then يجب جلب البيانات من قاعدة البيانات فقط بدون قيم ثابتة، وتنفيذ عمليات الحفظ والتعديل والحذف على الجداول المرتبطة بنجاح، مع إظهار رسائل نجاح/فشل واضحة، وتسجيل أي خطأ تقني في نظام إدارة الأخطاء برقم مرجعي، واحترام صلاحيات الدور، والحفاظ على حالة الفلاتر والتمرير (scroll) عند الرجوع للشاشة لتحسين تجربة الاستخدام.
Gamification & Training,TrainingLibraryScreen,US-TrainingLibraryScreen-01,جميع الموظفين,كـجميع الموظفين أريد استخدام شاشة TrainingLibraryScreen ضمن قسم Gamification & Training لتحقيق الغرض التالي: مكتبة محتوى تدريبي تحتوي على الدورات، الملفات، الفيديوهات، والكتيبات، مع تصنيفها حسب المهارة والموضوع وتمكين الموظف من الوصول إليها بسهولة وتسجيل تقدمه في كل مادة. حتى أتمكن من أداء دوري بكفاءة والاعتماد على بيانات حقيقية من قاعدة البيانات.,"As a user (جميع الموظفين), I want to use the TrainingLibraryScreen in the Gamification & Training module to achieve its defined purpose so that I can perform my responsibilities efficiently based on real database data.",مكتبة محتوى تدريبي تحتوي على الدورات، الملفات، الفيديوهات، والكتيبات، مع تصنيفها حسب المهارة والموضوع وتمكين الموظف من الوصول إليها بسهولة وتسجيل تقدمه في كل مادة.,"تُحدد الجداول المرتبطة بهذه الشاشة في تصميم قاعدة البيانات (مثل Donations, Projects, Users, Tasks حسب طبيعة الشاشة).",جميع الأزرار والفلاتر وروابط التنقل في شاشة TrainingLibraryScreen تعمل كما هو موصوف (عرض، بحث، تصفية، حفظ، تعديل، حذف، تصدير، تغيير الفترة الزمنية).,Given أن المستخدم يملك صلاحية الوصول لهذه الشاشة ووجود بيانات فعلية، When يفتح الشاشة ويستخدم عناصرها (عرض، بحث، تصفية، حفظ، تعديل، حذف)، Then يجب جلب البيانات من قاعدة البيانات فقط بدون قيم ثابتة، وتنفيذ عمليات الحفظ والتعديل والحذف على الجداول المرتبطة بنجاح، مع إظهار رسائل نجاح/فشل واضحة، وتسجيل أي خطأ تقني في نظام إدارة الأخطاء برقم مرجعي، واحترام صلاحيات الدور، والحفاظ على حالة الفلاتر والتمرير (scroll) عند الرجوع للشاشة لتحسين تجربة الاستخدام.
System,NotificationsScreen,US-NotificationsScreen-01,جميع المستخدمين / المدير,كـجميع المستخدمين / المدير أريد استخدام شاشة NotificationsScreen ضمن قسم System لتحقيق الغرض التالي: شاشة لإدارة الإشعارات داخل النظام، تتيح للمستخدم رؤية التنبيهات المتعلقة بمهامه أو مشاريعه أو أداءه، وضبط تفضيلات استقبال الإشعارات، كما تسمح للإدارة بإرسال إشعارات عامة للفريق. حتى أتمكن من أداء دوري بكفاءة والاعتماد على بيانات حقيقية من قاعدة البيانات.,"As a user (جميع المستخدمين / المدير), I want to use the NotificationsScreen in the System module to achieve its defined purpose so that I can perform my responsibilities efficiently based on real database data.",شاشة لإدارة الإشعارات داخل النظام، تتيح للمستخدم رؤية التنبيهات المتعلقة بمهامه أو مشاريعه أو أداءه، وضبط تفضيلات استقبال الإشعارات، كما تسمح للإدارة بإرسال إشعارات عامة للفريق.,"تُحدد الجداول المرتبطة بهذه الشاشة في تصميم قاعدة البيانات (مثل Donations, Projects, Users, Tasks حسب طبيعة الشاشة).",جميع الأزرار والفلاتر وروابط التنقل في شاشة NotificationsScreen تعمل كما هو موصوف (عرض، بحث، تصفية، حفظ، تعديل، حذف، تصدير، تغيير الفترة الزمنية).,Given أن المستخدم يملك صلاحية الوصول لهذه الشاشة ووجود بيانات فعلية، When يفتح الشاشة ويستخدم عناصرها (عرض، بحث، تصفية، حفظ، تعديل، حذف)، Then يجب جلب البيانات من قاعدة البيانات فقط بدون قيم ثابتة، وتنفيذ عمليات الحفظ والتعديل والحذف على الجداول المرتبطة بنجاح، مع إظهار رسائل نجاح/فشل واضحة، وتسجيل أي خطأ تقني في نظام إدارة الأخطاء برقم مرجعي، واحترام صلاحيات الدور، والحفاظ على حالة الفلاتر والتمرير (scroll) عند الرجوع للشاشة لتحسين تجربة الاستخدام.
System,ErrorManagementScreen,US-ErrorManagementScreen-01,الفريق التقني / المدير,كـالفريق التقني / المدير أريد استخدام شاشة ErrorManagementScreen ضمن قسم System لتحقيق الغرض التالي: شاشة مخصصة للفريق التقني تعرض سجل الأخطاء المسجلة في النظام مع أرقامها المرجعية، الرسائل التفصيلية، وقت الحدوث، وحالة المعالجة، مما يسهل تتبع المشكلات وحلها بسرعة. حتى أتمكن من أداء دوري بكفاءة والاعتماد على بيانات حقيقية من قاعدة البيانات.,"As a user (الفريق التقني / المدير), I want to use the ErrorManagementScreen in the System module to achieve its defined purpose so that I can perform my responsibilities efficiently based on real database data.",شاشة مخصصة للفريق التقني تعرض سجل الأخطاء المسجلة في النظام مع أرقامها المرجعية، الرسائل التفصيلية، وقت الحدوث، وحالة المعالجة، مما يسهل تتبع المشكلات وحلها بسرعة.,"تُحدد الجداول المرتبطة بهذه الشاشة في تصميم قاعدة البيانات (مثل Donations, Projects, Users, Tasks حسب طبيعة الشاشة).",جميع الأزرار والفلاتر وروابط التنقل في شاشة ErrorManagementScreen تعمل كما هو موصوف (عرض، بحث، تصفية، حفظ، تعديل، حذف، تصدير، تغيير الفترة الزمنية).,Given أن المستخدم يملك صلاحية الوصول لهذه الشاشة ووجود بيانات فعلية، When يفتح الشاشة ويستخدم عناصرها (عرض، بحث، تصفية، حفظ، تعديل، حذف)، Then يجب جلب البيانات من قاعدة البيانات فقط بدون قيم ثابتة، وتنفيذ عمليات الحفظ والتعديل والحذف على الجداول المرتبطة بنجاح، مع إظهار رسائل نجاح/فشل واضحة، وتسجيل أي خطأ تقني في نظام إدارة الأخطاء برقم مرجعي، واحترام صلاحيات الدور، والحفاظ على حالة الفلاتر والتمرير (scroll) عند الرجوع للشاشة لتحسين تجربة الاستخدام.
System,PoliciesLogScreen,US-PoliciesLogScreen-01,المدير / مسؤول الأمن,كـالمدير / مسؤول الأمن أريد استخدام شاشة PoliciesLogScreen ضمن قسم System لتحقيق الغرض التالي: شاشة تعرض سجل السياسات والإعدادات الهامة التي تم تغييرها في النظام، من قام بالتغيير ومتى، وذلك لضمان الشفافية والتتبع في القرارات الإدارية والتقنية. حتى أتمكن من أداء دوري بكفاءة والاعتماد على بيانات حقيقية من قاعدة البيانات.,"As a user (المدير / مسؤول الأمن), I want to use the PoliciesLogScreen in the System module to achieve its defined purpose so that I can perform my responsibilities efficiently based on real database data.",شاشة تعرض سجل السياسات والإعدادات الهامة التي تم تغييرها في النظام، من قام بالتغيير ومتى، وذلك لضمان الشفافية والتتبع في القرارات الإدارية والتقنية.,"تُحدد الجداول المرتبطة بهذه الشاشة في تصميم قاعدة البيانات (مثل Donations, Projects, Users, Tasks حسب طبيعة الشاشة).",جميع الأزرار والفلاتر وروابط التنقل في شاشة PoliciesLogScreen تعمل كما هو موصوف (عرض، بحث، تصفية، حفظ، تعديل، حذف، تصدير، تغيير الفترة الزمنية).,Given أن المستخدم يملك صلاحية الوصول لهذه الشاشة ووجود بيانات فعلية، When يفتح الشاشة ويستخدم عناصرها (عرض، بحث، تصفية، حفظ، تعديل، حذف)، Then يجب جلب البيانات من قاعدة البيانات فقط بدون قيم ثابتة، وتنفيذ عمليات الحفظ والتعديل والحذف على الجداول المرتبطة بنجاح، مع إظهار رسائل نجاح/فشل واضحة، وتسجيل أي خطأ تقني في نظام إدارة الأخطاء برقم مرجعي، واحترام صلاحيات الدور، والحفاظ على حالة الفلاتر والتمرير (scroll) عند الرجوع للشاشة لتحسين تجربة الاستخدام.
System,SettingsScreen,US-SettingsScreen-01,المدير,كـالمدير أريد استخدام شاشة SettingsScreen ضمن قسم System لتحقيق الغرض التالي: شاشة إعدادات عامة للنظام تمكّن المدير من ضبط إعدادات مثل الأهداف الافتراضية، العملة، المنطقة الزمنية، حدود الأمان، وبعض الخيارات المتقدمة التي تؤثر على سلوك النظام ككل. حتى أتمكن من أداء دوري بكفاءة والاعتماد على بيانات حقيقية من قاعدة البيانات.,"As a user (المدير), I want to use the SettingsScreen in the System module to achieve its defined purpose so that I can perform my responsibilities efficiently based on real database data.",شاشة إعدادات عامة للنظام تمكّن المدير من ضبط إعدادات مثل الأهداف الافتراضية، العملة، المنطقة الزمنية، حدود الأمان، وبعض الخيارات المتقدمة التي تؤثر على سلوك النظام ككل.,"تُحدد الجداول المرتبطة بهذه الشاشة في تصميم قاعدة البيانات (مثل Donations, Projects, Users, Tasks حسب طبيعة الشاشة).",جميع الأزرار والفلاتر وروابط التنقل في شاشة SettingsScreen تعمل كما هو موصوف (عرض، بحث، تصفية، حفظ، تعديل، حذف، تصدير، تغيير الفترة الزمنية).,Given أن المستخدم يملك صلاحية الوصول لهذه الشاشة ووجود بيانات فعلية، When يفتح الشاشة ويستخدم عناصرها (عرض، بحث، تصفية، حفظ، تعديل، حذف)، Then يجب جلب البيانات من قاعدة البيانات فقط بدون قيم ثابتة، وتنفيذ عمليات الحفظ والتعديل والحذف على الجداول المرتبطة بنجاح، مع إظهار رسائل نجاح/فشل واضحة، وتسجيل أي خطأ تقني في نظام إدارة الأخطاء برقم مرجعي، واحترام صلاحيات الدور، والحفاظ على حالة الفلاتر والتمرير (scroll) عند الرجوع للشاشة لتحسين تجربة الاستخدام.
System,LoginScreen,US-LoginScreen-01,جميع المستخدمين,كـجميع المستخدمين أريد استخدام شاشة LoginScreen ضمن قسم System لتحقيق الغرض التالي: شاشة تسجيل الدخول التي تتحقق من هوية المستخدم عبر البريد الإلكتروني أو الجوال وكلمة المرور، وتتعامل مع محاولات الدخول الفاشلة وقفل الحساب عند تجاوز الحد المسموح، دون استخدام أي بيانات ثابتة. حتى أتمكن من أداء دوري بكفاءة والاعتماد على بيانات حقيقية من قاعدة البيانات.,"As a user (جميع المستخدمين), I want to use the LoginScreen in the System module to achieve its defined purpose so that I can perform my responsibilities efficiently based on real database data.",شاشة تسجيل الدخول التي تتحقق من هوية المستخدم عبر البريد الإلكتروني أو الجوال وكلمة المرور، وتتعامل مع محاولات الدخول الفاشلة وقفل الحساب عند تجاوز الحد المسموح، دون استخدام أي بيانات ثابتة.,"تُحدد الجداول المرتبطة بهذه الشاشة في تصميم قاعدة البيانات (مثل Donations, Projects, Users, Tasks حسب طبيعة الشاشة).",جميع الأزرار والفلاتر وروابط التنقل في شاشة LoginScreen تعمل كما هو موصوف (عرض، بحث، تصفية، حفظ، تعديل، حذف، تصدير، تغيير الفترة الزمنية).,Given أن المستخدم يملك صلاحية الوصول لهذه الشاشة ووجود بيانات فعلية، When يفتح الشاشة ويستخدم عناصرها (عرض، بحث، تصفية، حفظ، تعديل، حذف)، Then يجب جلب البيانات من قاعدة البيانات فقط بدون قيم ثابتة، وتنفيذ عمليات الحفظ والتعديل والحذف على الجداول المرتبطة بنجاح، مع إظهار رسائل نجاح/فشل واضحة، وتسجيل أي خطأ تقني في نظام إدارة الأخطاء برقم مرجعي، واحترام صلاحيات الدور، والحفاظ على حالة الفلاتر والتمرير (scroll) عند الرجوع للشاشة لتحسين تجربة الاستخدام.
System,NotFoundScreen,US-NotFoundScreen-01,الجميع,كـالجميع أريد استخدام شاشة NotFoundScreen ضمن قسم System لتحقيق الغرض التالي: شاشة الخطأ 404 التي تظهر عند محاولة الوصول لمسار غير موجود داخل النظام، وتقدم للمستخدم خيارات للعودة إلى الصفحات الرئيسية أو طلب المساعدة. حتى أتمكن من أداء دوري بكفاءة والاعتماد على بيانات حقيقية من قاعدة البيانات.,"As a user (الجميع), I want to use the NotFoundScreen in the System module to achieve its defined purpose so that I can perform my responsibilities efficiently based on real database data.",شاشة الخطأ 404 التي تظهر عند محاولة الوصول لمسار غير موجود داخل النظام، وتقدم للمستخدم خيارات للعودة إلى الصفحات الرئيسية أو طلب المساعدة.,"تُحدد الجداول المرتبطة بهذه الشاشة في تصميم قاعدة البيانات (مثل Donations, Projects, Users, Tasks حسب طبيعة الشاشة).",جميع الأزرار والفلاتر وروابط التنقل في شاشة NotFoundScreen تعمل كما هو موصوف (عرض، بحث، تصفية، حفظ، تعديل، حذف، تصدير، تغيير الفترة الزمنية).,Given أن المستخدم يملك صلاحية الوصول لهذه الشاشة ووجود بيانات فعلية، When يفتح الشاشة ويستخدم عناصرها (عرض، بحث، تصفية، حفظ، تعديل، حذف)، Then يجب جلب البيانات من قاعدة البيانات فقط بدون قيم ثابتة، وتنفيذ عمليات الحفظ والتعديل والحذف على الجداول المرتبطة بنجاح، مع إظهار رسائل نجاح/فشل واضحة، وتسجيل أي خطأ تقني في نظام إدارة الأخطاء برقم مرجعي، واحترام صلاحيات الدور، والحفاظ على حالة الفلاتر والتمرير (scroll) عند الرجوع للشاشة لتحسين تجربة الاستخدام.
